name,description,price,category
Smart Light Bulb,Energy-efficient smart light bulb Automated 24/7 ability.,223.9,Gadgets
Drone,Quadcopter with HD camera Front-line multi-tasking synergy.,419.51,Gadgets
Biography,Inspirational biography of a famous person Cloned asymmetric infrastructure.,402.67,Books
Smart Home Hub,Central hub for all your smart devices Persevering background flexibility.,178.73,Gadgets
Sneakers,Trendy sneakers with good grip Ergonomic holistic array.,83.27,Clothing
Drone,Quadcopter with HD camera Open-source bifurcated conglomeration.,194.6,Gadgets
Refrigerator,Large capacity fridge with freezer Public-key didactic challenge.,284.94,Home
Smartphone,A high-tech gadget with reliability Compatible grid-enabled policy.,75.8,Electronics
Vacuum Cleaner,Efficient cleaning for your home Distributed bi-directional synergy.,167.84,Home
Jacket,Warm jacket for cold weather Persistent background budgetary management.,114.37,Clothing
Refrigerator,Large capacity fridge with freezer Reverse-engineered multimedia success.,240.38,Home
Dishwasher,Automatic dishwasher for easy cleaning Optimized systemic workforce.,494.47,Home
Hat,Cool hat for sunny days Implemented tangible time-frame.,331.13,Clothing
Smartphone,A high-tech gadget with reliability Digitized upward-trending leverage.,462.31,Electronics
Smartphone,A high-tech gadget with reliability User-centric global portal.,126.31,Electronics
Sneakers,Trendy sneakers with good grip Enhanced didactic challenge.,8.78,Clothing
Puzzle,Challenging puzzle to solve Proactive value-added secured line.,140.73,Toys
Sneakers,Trendy sneakers with good grip Universal multi-state hardware.,68.25,Clothing
Jacket,Warm jacket for cold weather Horizontal motivating challenge.,450.95,Clothing
Hat,Cool hat for sunny days Cross-platform asymmetric flexibility.,223.45,Clothing
VR Headset,Virtual reality headset for fun Ergonomic systematic pricing structure.,438.43,Gadgets
Lamp,Elegant lamp for ambient lighting Business-focused neutral ability.,439.1,Home
Hat,Cool hat for sunny days Multi-layered systematic project.,323.34,Clothing
Biography,Inspirational biography of a famous person Synergized dedicated projection.,245.93,Books
Doll,Beautiful doll with accessories Multi-lateral full-range core.,356.17,Toys
Board Game,Fun board game for family and friends Extended full-range matrices.,200.29,Toys
Dishwasher,Automatic dishwasher for easy cleaning Streamlined explicit system engine.,376.83,Home
Refrigerator,Large capacity fridge with freezer Compatible directional process improvement.,395.65,Home
Smartphone,A high-tech gadget with reliability Up-sized methodical emulation.,334.9,Electronics
Biography,Inspirational biography of a famous person Optional eco-centric neural-net.,381.22,Books
Tablet,Compact tablet with high performance De-engineered coherent info-mediaries.,97.52,Electronics
Building Blocks,Creative building blocks for kids Organized local installation.,333.46,Toys
Action Figure,Detailed action figure from popular series Visionary object-oriented Graphic Interface.,103.28,Toys
Bluetooth Speaker,Wireless speaker with great quality Fully-configurable methodical challenge.,55.8,Gadgets
T-shirt,Comfortable cotton t-shirt Inverse solution-oriented collaboration.,357.03,Clothing
Doll,Beautiful doll with accessories Triple-buffered static emulation.,368.54,Toys
Building Blocks,Creative building blocks for kids Mandatory human-resource portal.,467.48,Toys
RC Car,Remote-controlled car with high speed Expanded 4thgeneration standardization.,256.86,Toys
Action Figure,Detailed action figure from popular series Multi-lateral 24hour synergy.,318.22,Toys
Refrigerator,Large capacity fridge with freezer Phased multi-tasking array.,436.12,Home
Science Fiction,Futuristic science fiction story Cloned logistical success.,321.29,Books
Building Blocks,Creative building blocks for kids Intuitive holistic conglomeration.,271.74,Toys
Vacuum Cleaner,Efficient cleaning for your home Distributed explicit implementation.,171.26,Home
Lamp,Elegant lamp for ambient lighting Distributed actuating toolset.,244.24,Home
T-shirt,Comfortable cotton t-shirt Universal motivating challenge.,70.88,Clothing
Smart Light Bulb,Energy-efficient smart light bulb Organized content-based hardware.,135.47,Gadgets
VR Headset,Virtual reality headset for fun Virtual reciprocal software.,111.52,Gadgets
Fantasy Novel,An epic fantasy adventure Horizontal radical functionalities.,350.67,Books
Microwave,Compact microwave for quick meals Networked background complexity.,68.92,Home
Smart TV,High-definition smart television Organized content-based Local Area Network.,34.51,Electronics
Laptop,Portable computer for all your needs Focused multi-state pricing structure.,457.34,Electronics
Dishwasher,Automatic dishwasher for easy cleaning Focused client-driven data-warehouse.,91.78,Home
Scarf,Cozy scarf for winter Progressive systemic help-desk.,478.95,Clothing
Biography,Inspirational biography of a famous person Multi-tiered demand-driven budgetary management.,352.61,Books
Self-Help,Guide to personal development and success Implemented 4thgeneration algorithm.,377.67,Books
RC Car,Remote-controlled car with high speed User-centric regional flexibility.,217.16,Toys
Lamp,Elegant lamp for ambient lighting Phased actuating secured line.,430.75,Home
Smart Home Hub,Central hub for all your smart devices Exclusive mission-critical help-desk.,252.38,Gadgets
Dishwasher,Automatic dishwasher for easy cleaning Assimilated incremental website.,113.54,Home
Smart Home Hub,Central hub for all your smart devices Sharable stable migration.,27.6,Gadgets
Drone,Quadcopter with HD camera Multi-lateral solution-oriented pricing structure.,410.44,Gadgets
Portable Charger,High capacity portable charger Exclusive asymmetric Graphical User Interface.,166.27,Gadgets
Science Fiction,Futuristic science fiction story Stand-alone zero administration website.,459.47,Books
Mystery Novel,A gripping mystery novel Cross-platform reciprocal knowledge user.,19.45,Books
Fantasy Novel,An epic fantasy adventure Re-contextualized uniform system engine.,244.67,Books
Board Game,Fun board game for family and friends Exclusive tertiary ability.,297.24,Toys
T-shirt,Comfortable cotton t-shirt Enterprise-wide secondary superstructure.,294.42,Clothing
T-shirt,Comfortable cotton t-shirt Fundamental context-sensitive pricing structure.,92.72,Clothing
Sofa,Comfortable and stylish seating Ergonomic maximized interface.,119.35,Home
Doll,Beautiful doll with accessories Grass-roots stable groupware.,120.22,Toys
VR Headset,Virtual reality headset for fun Profit-focused leadingedge data-warehouse.,463.13,Gadgets
Fantasy Novel,An epic fantasy adventure Managed needs-based Internet solution.,25.21,Books
Vacuum Cleaner,Efficient cleaning for your home Programmable exuding moratorium.,59.48,Home
Jacket,Warm jacket for cold weather Upgradable heuristic core.,239.69,Clothing
Self-Help,Guide to personal development and success Object-based global initiative.,30.29,Books
Jacket,Warm jacket for cold weather Open-architected coherent open system.,152.07,Clothing
Bluetooth Speaker,Wireless speaker with great quality Multi-tiered contextually-based portal.,98.09,Gadgets
Jeans,Stylish denim jeans Synergistic interactive open architecture.,378.96,Clothing
Headphones,Headphones with noise cancellation Innovative web-enabled open system.,163.36,Electronics
Dishwasher,Automatic dishwasher for easy cleaning Focused didactic emulation.,210.39,Home
Laptop,Portable computer for all your needs Grass-roots 3rdgeneration open architecture.,321.4,Electronics
Building Blocks,Creative building blocks for kids Multi-layered needs-based productivity.,330.97,Toys
Lamp,Elegant lamp for ambient lighting Multi-tiered mission-critical matrix.,329.74,Home
Building Blocks,Creative building blocks for kids Grass-roots systematic open system.,9.58,Toys
Scarf,Cozy scarf for winter Fundamental foreground knowledge user.,43.65,Clothing
Hat,Cool hat for sunny days Re-engineered mobile middleware.,115.75,Clothing
Drone,Quadcopter with HD camera Devolved 24hour circuit.,338.4,Gadgets
VR Headset,Virtual reality headset for fun Versatile bifurcated productivity.,252.37,Gadgets
Sneakers,Trendy sneakers with good grip Inverse composite project.,207.6,Clothing
Cookbook,Recipes from around the world Seamless executive software.,223.6,Books
Dishwasher,Automatic dishwasher for easy cleaning Assimilated client-server standardization.,324.28,Home
Camera,Digital camera with high resolution Persevering mobile conglomeration.,339.96,Electronics
Jacket,Warm jacket for cold weather Enhanced user-facing capability.,237.28,Clothing
Bluetooth Speaker,Wireless speaker with great quality Re-contextualized logistical approach.,498.56,Gadgets
Doll,Beautiful doll with accessories Exclusive static benchmark.,469.69,Toys
Puzzle,Challenging puzzle to solve Triple-buffered composite website.,487.27,Toys
Action Figure,Detailed action figure from popular series Switchable zero-defect database.,105.74,Toys
Microwave,Compact microwave for quick meals Horizontal dynamic capacity.,106.43,Home
Smartwatch,Smartwatch with fitness tracking Digitized national groupware.,428.36,Electronics
Self-Help,Guide to personal development and success Grass-roots full-range utilization.,450.97,Books
VR Headset,Virtual reality headset for fun Intuitive high-level adapter.,272.0,Gadgets
Tablet,Compact tablet with high performance Re-contextualized asymmetric definition.,340.26,Electronics
VR Headset,Virtual reality headset for fun Polarized stable model.,152.4,Gadgets
Board Game,Fun board game for family and friends Object-based bottom-line infrastructure.,473.46,Toys
Lamp,Elegant lamp for ambient lighting Horizontal intangible product.,337.01,Home
Scarf,Cozy scarf for winter Persistent zero tolerance core.,402.55,Clothing
Doll,Beautiful doll with accessories Diverse transitional framework.,397.28,Toys
Jacket,Warm jacket for cold weather Self-enabling object-oriented encoding.,493.48,Clothing
Cookbook,Recipes from around the world De-engineered client-driven groupware.,201.3,Books
VR Headset,Virtual reality headset for fun Right-sized reciprocal function.,262.58,Gadgets
Jacket,Warm jacket for cold weather Streamlined eco-centric superstructure.,260.41,Clothing
Smart TV,High-definition smart television Cloned methodical instruction set.,307.04,Electronics
Action Figure,Detailed action figure from popular series Optional high-level collaboration.,441.68,Toys
Fantasy Novel,An epic fantasy adventure Programmable leadingedge product.,58.35,Books
Doll,Beautiful doll with accessories Phased explicit Local Area Network.,175.17,Toys
Refrigerator,Large capacity fridge with freezer Adaptive static info-mediaries.,336.23,Home
Headphones,Headphones with noise cancellation Horizontal analyzing complexity.,205.81,Electronics
RC Car,Remote-controlled car with high speed Monitored full-range conglomeration.,341.43,Toys
Action Figure,Detailed action figure from popular series Distributed user-facing policy.,69.27,Toys
Jacket,Warm jacket for cold weather Cross-group context-sensitive open system.,102.71,Clothing
Laptop,Portable computer for all your needs Open-source demand-driven initiative.,53.99,Electronics
Headphones,Headphones with noise cancellation Vision-oriented bi-directional moderator.,142.35,Electronics
Jeans,Stylish denim jeans Universal eco-centric firmware.,112.88,Clothing
Headphones,Headphones with noise cancellation Polarized uniform frame.,238.85,Electronics
Building Blocks,Creative building blocks for kids Upgradable homogeneous encryption.,296.33,Toys
T-shirt,Comfortable cotton t-shirt Open-architected attitude-oriented archive.,327.94,Clothing
Lamp,Elegant lamp for ambient lighting Team-oriented 6thgeneration hub.,44.12,Home
Doll,Beautiful doll with accessories Exclusive systematic service-desk.,184.94,Toys
Action Figure,Detailed action figure from popular series Re-contextualized 3rdgeneration initiative.,221.33,Toys
Cookbook,Recipes from around the world Front-line transitional data-warehouse.,182.68,Books
Sofa,Comfortable and stylish seating Centralized composite superstructure.,283.44,Home
Bluetooth Speaker,Wireless speaker with great quality Distributed eco-centric migration.,266.35,Gadgets
Scarf,Cozy scarf for winter Stand-alone non-volatile open architecture.,207.92,Clothing
Puzzle,Challenging puzzle to solve Realigned eco-centric data-warehouse.,200.31,Toys
Dishwasher,Automatic dishwasher for easy cleaning Managed directional website.,134.71,Home
Refrigerator,Large capacity fridge with freezer Re-engineered national Graphical User Interface.,330.64,Home
Science Fiction,Futuristic science fiction story Decentralized well-modulated application.,283.89,Books
Refrigerator,Large capacity fridge with freezer User-friendly analyzing architecture.,259.88,Home
Smart Light Bulb,Energy-efficient smart light bulb Digitized regional hub.,411.35,Gadgets
Science Fiction,Futuristic science fiction story Reduced systemic moratorium.,418.92,Books
Dishwasher,Automatic dishwasher for easy cleaning Organic intermediate toolset.,60.74,Home
Building Blocks,Creative building blocks for kids Cloned regional database.,39.96,Toys
Hat,Cool hat for sunny days Monitored object-oriented utilization.,294.43,Clothing
Jacket,Warm jacket for cold weather Diverse coherent help-desk.,360.01,Clothing
Smartphone,A high-tech gadget with reliability Assimilated logistical archive.,422.86,Electronics
Lamp,Elegant lamp for ambient lighting Operative heuristic framework.,469.58,Home
Doll,Beautiful doll with accessories Universal bottom-line initiative.,332.9,Toys
Headphones,Headphones with noise cancellation Right-sized holistic software.,117.44,Electronics
Dishwasher,Automatic dishwasher for easy cleaning Synergistic neutral hardware.,106.75,Home
Building Blocks,Creative building blocks for kids Diverse next generation collaboration.,271.11,Toys
Self-Help,Guide to personal development and success Switchable directional Graphic Interface.,196.13,Books
Camera,Digital camera with high resolution Streamlined intermediate firmware.,450.64,Electronics
Microwave,Compact microwave for quick meals Cross-platform non-volatile emulation.,6.85,Home
Jacket,Warm jacket for cold weather Visionary analyzing help-desk.,436.67,Clothing
Hat,Cool hat for sunny days Up-sized zero-defect time-frame.,9.81,Clothing
Biography,Inspirational biography of a famous person Mandatory discrete projection.,180.48,Books
Smart Light Bulb,Energy-efficient smart light bulb Exclusive dynamic standardization.,381.0,Gadgets
VR Headset,Virtual reality headset for fun Synergized even-keeled workforce.,310.14,Gadgets
Jacket,Warm jacket for cold weather Assimilated dedicated neural-net.,278.68,Clothing
Puzzle,Challenging puzzle to solve Fundamental impactful process improvement.,328.36,Toys
Tablet,Compact tablet with high performance Reverse-engineered holistic frame.,9.45,Electronics
Doll,Beautiful doll with accessories Realigned system-worthy project.,232.64,Toys
Self-Help,Guide to personal development and success Open-source multi-state application.,150.59,Books
Puzzle,Challenging puzzle to solve Enhanced attitude-oriented architecture.,295.46,Toys
Dishwasher,Automatic dishwasher for easy cleaning Team-oriented discrete emulation.,120.04,Home
Smart Home Hub,Central hub for all your smart devices Multi-lateral attitude-oriented support.,477.03,Gadgets
Microwave,Compact microwave for quick meals Right-sized 3rdgeneration capability.,7.18,Home
Science Fiction,Futuristic science fiction story Automated user-facing hierarchy.,230.9,Books
Tablet,Compact tablet with high performance Enterprise-wide upward-trending framework.,243.79,Electronics
Hat,Cool hat for sunny days Seamless client-server projection.,472.97,Clothing
Camera,Digital camera with high resolution Ergonomic national system engine.,58.22,Electronics
Building Blocks,Creative building blocks for kids Cloned systematic help-desk.,101.49,Toys
Cookbook,Recipes from around the world Total scalable workforce.,401.04,Books
Bluetooth Speaker,Wireless speaker with great quality Mandatory leadingedge capability.,120.8,Gadgets
RC Car,Remote-controlled car with high speed Seamless optimal flexibility.,5.45,Toys
Smartphone,A high-tech gadget with reliability Configurable solution-oriented archive.,265.63,Electronics
Refrigerator,Large capacity fridge with freezer Stand-alone static alliance.,339.13,Home
Vacuum Cleaner,Efficient cleaning for your home Streamlined attitude-oriented superstructure.,378.84,Home
Lamp,Elegant lamp for ambient lighting Up-sized transitional superstructure.,156.2,Home
Mystery Novel,A gripping mystery novel Configurable holistic throughput.,407.3,Books
Science Fiction,Futuristic science fiction story User-centric 3rdgeneration strategy.,27.56,Books
Building Blocks,Creative building blocks for kids Operative executive Internet solution.,104.44,Toys
Cookbook,Recipes from around the world Implemented asymmetric implementation.,204.08,Books
Mystery Novel,A gripping mystery novel Adaptive impactful software.,196.06,Books
Fantasy Novel,An epic fantasy adventure Expanded zero tolerance open architecture.,201.48,Books
Lamp,Elegant lamp for ambient lighting Customer-focused background complexity.,430.91,Home
Camera,Digital camera with high resolution Team-oriented web-enabled archive.,187.95,Electronics
Action Figure,Detailed action figure from popular series Optional asymmetric knowledge user.,446.33,Toys
Drone,Quadcopter with HD camera Networked eco-centric Local Area Network.,177.96,Gadgets
Bluetooth Speaker,Wireless speaker with great quality Programmable transitional Graphical User Interface.,180.37,Gadgets
Action Figure,Detailed action figure from popular series Cross-platform hybrid service-desk.,90.96,Toys
Science Fiction,Futuristic science fiction story Self-enabling bi-directional productivity.,208.58,Books
Cookbook,Recipes from around the world Triple-buffered actuating Graphic Interface.,171.76,Books
Self-Help,Guide to personal development and success Down-sized bandwidth-monitored model.,85.73,Books
Biography,Inspirational biography of a famous person Centralized reciprocal algorithm.,81.42,Books
Sofa,Comfortable and stylish seating Integrated radical installation.,321.32,Home
Board Game,Fun board game for family and friends Cross-group real-time superstructure.,201.26,Toys
Smartphone,A high-tech gadget with reliability Diverse empowering knowledge user.,279.33,Electronics
VR Headset,Virtual reality headset for fun Progressive local synergy.,481.69,Gadgets
Cookbook,Recipes from around the world Programmable executive extranet.,390.47,Books
Jacket,Warm jacket for cold weather Open-architected intermediate conglomeration.,71.38,Clothing
Biography,Inspirational biography of a famous person Persistent leadingedge time-frame.,28.31,Books
Mystery Novel,A gripping mystery novel Phased demand-driven forecast.,95.54,Books
Fantasy Novel,An epic fantasy adventure Expanded dynamic framework.,393.37,Books
Smart Light Bulb,Energy-efficient smart light bulb Multi-lateral background toolset.,259.02,Gadgets
Headphones,Headphones with noise cancellation Function-based tangible utilization.,383.36,Electronics
Board Game,Fun board game for family and friends Polarized radical moderator.,271.37,Toys
Sneakers,Trendy sneakers with good grip Balanced dedicated firmware.,219.87,Clothing
Fantasy Novel,An epic fantasy adventure Visionary discrete policy.,185.09,Books
Doll,Beautiful doll with accessories Enterprise-wide mission-critical capacity.,410.79,Toys
Jacket,Warm jacket for cold weather Enterprise-wide object-oriented moratorium.,443.43,Clothing
Sofa,Comfortable and stylish seating De-engineered grid-enabled methodology.,396.28,Home
Tablet,Compact tablet with high performance Compatible logistical moderator.,196.88,Electronics
Smart TV,High-definition smart television Optimized national software.,249.54,Electronics
Camera,Digital camera with high resolution Optimized well-modulated Graphic Interface.,16.7,Electronics
Science Fiction,Futuristic science fiction story Right-sized reciprocal algorithm.,151.19,Books
Smart TV,High-definition smart television Centralized explicit extranet.,264.97,Electronics
Doll,Beautiful doll with accessories Visionary zero tolerance project.,397.17,Toys
Puzzle,Challenging puzzle to solve Down-sized high-level Local Area Network.,251.28,Toys
Jeans,Stylish denim jeans Customizable uniform extranet.,190.51,Clothing
Drone,Quadcopter with HD camera Cross-platform zero-defect moderator.,138.38,Gadgets
Doll,Beautiful doll with accessories Customizable mobile process improvement.,465.17,Toys
Smart Light Bulb,Energy-efficient smart light bulb Assimilated human-resource focus group.,468.91,Gadgets
Bluetooth Speaker,Wireless speaker with great quality Synchronized homogeneous collaboration.,465.74,Gadgets
Mystery Novel,A gripping mystery novel Robust analyzing implementation.,99.39,Books
Headphones,Headphones with noise cancellation Synchronized reciprocal Local Area Network.,267.04,Electronics
Self-Help,Guide to personal development and success Pre-emptive tangible complexity.,116.2,Books
Bluetooth Speaker,Wireless speaker with great quality Pre-emptive encompassing leverage.,242.46,Gadgets
Action Figure,Detailed action figure from popular series Versatile eco-centric initiative.,380.37,Toys
Sofa,Comfortable and stylish seating Front-line dedicated projection.,183.86,Home
Jacket,Warm jacket for cold weather Re-engineered directional analyzer.,75.45,Clothing
Smart TV,High-definition smart television Expanded mission-critical moderator.,235.0,Electronics
Bluetooth Speaker,Wireless speaker with great quality Persistent needs-based pricing structure.,378.56,Gadgets
Doll,Beautiful doll with accessories Configurable executive monitoring.,460.66,Toys
Dishwasher,Automatic dishwasher for easy cleaning Switchable neutral software.,188.92,Home
T-shirt,Comfortable cotton t-shirt Networked 4thgeneration interface.,270.36,Clothing
Smart Home Hub,Central hub for all your smart devices Sharable web-enabled knowledge user.,160.51,Gadgets
Vacuum Cleaner,Efficient cleaning for your home Versatile impactful collaboration.,426.28,Home
Headphones,Headphones with noise cancellation Centralized human-resource service-desk.,162.13,Electronics
Camera,Digital camera with high resolution Integrated eco-centric throughput.,161.78,Electronics
Smart TV,High-definition smart television Monitored methodical knowledge user.,411.48,Electronics
Smartwatch,Smartwatch with fitness tracking Switchable directional matrix.,336.37,Electronics
Drone,Quadcopter with HD camera Horizontal static array.,93.5,Gadgets
Sofa,Comfortable and stylish seating Multi-tiered well-modulated extranet.,71.27,Home
Lamp,Elegant lamp for ambient lighting Progressive next generation knowledge user.,429.25,Home
Jacket,Warm jacket for cold weather Fundamental mission-critical matrices.,444.14,Clothing
Drone,Quadcopter with HD camera Re-contextualized systemic budgetary management.,421.54,Gadgets
Drone,Quadcopter with HD camera Stand-alone contextually-based open system.,247.73,Gadgets
Microwave,Compact microwave for quick meals Multi-tiered 24/7 utilization.,473.75,Home
Cookbook,Recipes from around the world Customizable exuding collaboration.,26.53,Books
Camera,Digital camera with high resolution Networked stable adapter.,218.66,Electronics
Biography,Inspirational biography of a famous person De-engineered encompassing functionalities.,194.92,Books
Hat,Cool hat for sunny days Distributed real-time system engine.,178.5,Clothing
Microwave,Compact microwave for quick meals Robust multi-state initiative.,423.78,Home
Building Blocks,Creative building blocks for kids Centralized incremental definition.,138.43,Toys
Dishwasher,Automatic dishwasher for easy cleaning Reverse-engineered local policy.,271.47,Home
Vacuum Cleaner,Efficient cleaning for your home Grass-roots fault-tolerant array.,343.6,Home
Action Figure,Detailed action figure from popular series Optional solution-oriented standardization.,422.3,Toys
Tablet,Compact tablet with high performance Programmable dedicated process improvement.,233.35,Electronics
Smartwatch,Smartwatch with fitness tracking Expanded modular migration.,93.62,Electronics
Biography,Inspirational biography of a famous person Fully-configurable motivating architecture.,411.98,Books
Tablet,Compact tablet with high performance Open-architected homogeneous superstructure.,460.5,Electronics
Smart TV,High-definition smart television Fundamental foreground info-mediaries.,483.96,Electronics
Laptop,Portable computer for all your needs Digitized interactive attitude.,12.39,Electronics
Mystery Novel,A gripping mystery novel Diverse real-time capacity.,333.57,Books
Fantasy Novel,An epic fantasy adventure Synchronized scalable knowledgebase.,55.31,Books
Fantasy Novel,An epic fantasy adventure Synchronized full-range Graphic Interface.,480.24,Books
Puzzle,Challenging puzzle to solve Function-based coherent collaboration.,120.29,Toys
Board Game,Fun board game for family and friends Pre-emptive bi-directional model.,173.43,Toys
Cookbook,Recipes from around the world Open-architected background customer loyalty.,373.75,Books
Scarf,Cozy scarf for winter Innovative stable website.,260.46,Clothing
Smartphone,A high-tech gadget with reliability Customer-focused systematic project.,257.28,Electronics
Smart TV,High-definition smart television Digitized client-server solution.,154.5,Electronics
Board Game,Fun board game for family and friends Integrated executive frame.,496.84,Toys
Mystery Novel,A gripping mystery novel Versatile composite moderator.,406.77,Books
Smart Light Bulb,Energy-efficient smart light bulb Advanced secondary time-frame.,117.19,Gadgets
Jeans,Stylish denim jeans Persevering human-resource emulation.,249.65,Clothing
Dishwasher,Automatic dishwasher for easy cleaning Optional discrete productivity.,36.58,Home
Sofa,Comfortable and stylish seating Cross-platform stable secured line.,77.08,Home
Science Fiction,Futuristic science fiction story Intuitive composite synergy.,477.33,Books
Hat,Cool hat for sunny days Organized 5thgeneration system engine.,404.2,Clothing
Smartwatch,Smartwatch with fitness tracking Programmable dedicated Local Area Network.,374.36,Electronics
Jacket,Warm jacket for cold weather Team-oriented mobile toolset.,262.58,Clothing
Portable Charger,High capacity portable charger Programmable 24hour budgetary management.,434.66,Gadgets
Sneakers,Trendy sneakers with good grip Horizontal optimal moderator.,409.03,Clothing
Smartwatch,Smartwatch with fitness tracking Managed bottom-line parallelism.,210.27,Electronics
Dishwasher,Automatic dishwasher for easy cleaning Reverse-engineered uniform open system.,441.52,Home
Headphones,Headphones with noise cancellation Inverse 6thgeneration flexibility.,279.48,Electronics
Bluetooth Speaker,Wireless speaker with great quality Multi-channeled actuating function.,294.83,Gadgets
Biography,Inspirational biography of a famous person Open-source 4thgeneration emulation.,229.62,Books
Hat,Cool hat for sunny days Upgradable eco-centric methodology.,329.99,Clothing
Sofa,Comfortable and stylish seating Self-enabling asymmetric orchestration.,288.64,Home
Jacket,Warm jacket for cold weather Front-line explicit moratorium.,213.99,Clothing
Self-Help,Guide to personal development and success Programmable bi-directional analyzer.,18.86,Books
Portable Charger,High capacity portable charger Open-source high-level functionalities.,287.16,Gadgets
T-shirt,Comfortable cotton t-shirt Synchronized uniform customer loyalty.,194.33,Clothing
Vacuum Cleaner,Efficient cleaning for your home Ameliorated maximized Graphic Interface.,125.78,Home
Science Fiction,Futuristic science fiction story Synchronized optimizing strategy.,20.99,Books
Hat,Cool hat for sunny days Balanced non-volatile infrastructure.,342.23,Clothing
Board Game,Fun board game for family and friends Reactive even-keeled complexity.,224.74,Toys
RC Car,Remote-controlled car with high speed Configurable didactic monitoring.,37.72,Toys
Dishwasher,Automatic dishwasher for easy cleaning Open-source coherent implementation.,324.54,Home
Bluetooth Speaker,Wireless speaker with great quality Programmable demand-driven architecture.,451.16,Gadgets
Biography,Inspirational biography of a famous person Automated 4thgeneration array.,164.35,Books
Drone,Quadcopter with HD camera Multi-tiered mission-critical initiative.,151.26,Gadgets
Laptop,Portable computer for all your needs Centralized human-resource budgetary management.,15.76,Electronics
Camera,Digital camera with high resolution Reduced non-volatile matrices.,177.49,Electronics
Laptop,Portable computer for all your needs Organic actuating alliance.,172.27,Electronics
RC Car,Remote-controlled car with high speed De-engineered systematic groupware.,214.23,Toys
Jacket,Warm jacket for cold weather Distributed 4thgeneration capacity.,476.25,Clothing
VR Headset,Virtual reality headset for fun Mandatory asymmetric collaboration.,449.06,Gadgets
Jacket,Warm jacket for cold weather Future-proofed regional circuit.,290.89,Clothing
Jacket,Warm jacket for cold weather Balanced 4thgeneration matrix.,431.67,Clothing
Laptop,Portable computer for all your needs Virtual next generation benchmark.,130.04,Electronics
Mystery Novel,A gripping mystery novel Team-oriented dynamic product.,451.4,Books
Bluetooth Speaker,Wireless speaker with great quality Centralized 24/7 core.,14.51,Gadgets
Sneakers,Trendy sneakers with good grip Virtual homogeneous capacity.,402.72,Clothing
Smart Light Bulb,Energy-efficient smart light bulb Function-based zero tolerance Graphic Interface.,403.01,Gadgets
Smartwatch,Smartwatch with fitness tracking Organic secondary application.,459.83,Electronics
Dishwasher,Automatic dishwasher for easy cleaning Switchable system-worthy ability.,197.75,Home
Vacuum Cleaner,Efficient cleaning for your home Programmable mission-critical open system.,168.12,Home
Refrigerator,Large capacity fridge with freezer Balanced even-keeled collaboration.,345.81,Home
Action Figure,Detailed action figure from popular series Team-oriented even-keeled capability.,258.27,Toys
Drone,Quadcopter with HD camera Down-sized motivating concept.,365.49,Gadgets
Sofa,Comfortable and stylish seating Automated eco-centric function.,209.55,Home
Jacket,Warm jacket for cold weather Object-based value-added budgetary management.,68.63,Clothing
Fantasy Novel,An epic fantasy adventure Decentralized zero tolerance moderator.,466.11,Books
Dishwasher,Automatic dishwasher for easy cleaning Implemented demand-driven hardware.,209.53,Home
T-shirt,Comfortable cotton t-shirt Organic optimizing paradigm.,493.56,Clothing
Laptop,Portable computer for all your needs Upgradable 4thgeneration concept.,339.29,Electronics
Action Figure,Detailed action figure from popular series Customer-focused static approach.,53.01,Toys
Sofa,Comfortable and stylish seating Automated human-resource capacity.,258.81,Home
Headphones,Headphones with noise cancellation Implemented 24/7 projection.,175.0,Electronics
Dishwasher,Automatic dishwasher for easy cleaning Sharable transitional monitoring.,219.75,Home
Doll,Beautiful doll with accessories Expanded tertiary implementation.,433.9,Toys
Lamp,Elegant lamp for ambient lighting Secured system-worthy definition.,414.6,Home
Sneakers,Trendy sneakers with good grip Persistent dedicated model.,405.05,Clothing
Building Blocks,Creative building blocks for kids Vision-oriented multi-state policy.,172.38,Toys
Doll,Beautiful doll with accessories Polarized scalable portal.,368.5,Toys
Hat,Cool hat for sunny days Exclusive leadingedge definition.,272.82,Clothing
RC Car,Remote-controlled car with high speed Operative impactful superstructure.,115.52,Toys
Mystery Novel,A gripping mystery novel Horizontal multi-tasking system engine.,288.16,Books
Smartwatch,Smartwatch with fitness tracking Streamlined secondary Local Area Network.,159.12,Electronics
VR Headset,Virtual reality headset for fun Optimized national policy.,238.67,Gadgets
Smart Home Hub,Central hub for all your smart devices Optimized global complexity.,389.95,Gadgets
VR Headset,Virtual reality headset for fun Seamless mobile capability.,95.07,Gadgets
Smart Home Hub,Central hub for all your smart devices Fundamental systematic middleware.,229.91,Gadgets
Vacuum Cleaner,Efficient cleaning for your home Programmable 4thgeneration Graphic Interface.,404.0,Home
VR Headset,Virtual reality headset for fun Fundamental interactive solution.,383.03,Gadgets
T-shirt,Comfortable cotton t-shirt Balanced neutral strategy.,493.47,Clothing
Scarf,Cozy scarf for winter Digitized next generation infrastructure.,239.64,Clothing
Camera,Digital camera with high resolution Operative leadingedge artificial intelligence.,169.08,Electronics
Mystery Novel,A gripping mystery novel Automated encompassing database.,72.5,Books
Tablet,Compact tablet with high performance Networked client-driven collaboration.,127.57,Electronics
Scarf,Cozy scarf for winter Front-line global contingency.,152.25,Clothing
RC Car,Remote-controlled car with high speed Multi-layered non-volatile budgetary management.,480.56,Toys
Cookbook,Recipes from around the world Stand-alone neutral challenge.,388.08,Books
Headphones,Headphones with noise cancellation Multi-channeled real-time standardization.,140.67,Electronics
Science Fiction,Futuristic science fiction story Pre-emptive object-oriented forecast.,309.08,Books
Jacket,Warm jacket for cold weather Switchable upward-trending neural-net.,295.59,Clothing
Cookbook,Recipes from around the world Enhanced didactic adapter.,283.28,Books
Bluetooth Speaker,Wireless speaker with great quality Multi-layered zero tolerance hierarchy.,208.32,Gadgets
Board Game,Fun board game for family and friends Horizontal tertiary framework.,237.95,Toys
Refrigerator,Large capacity fridge with freezer Up-sized fault-tolerant ability.,113.39,Home
Drone,Quadcopter with HD camera Multi-layered bottom-line methodology.,81.26,Gadgets
Portable Charger,High capacity portable charger Profit-focused grid-enabled software.,76.33,Gadgets
T-shirt,Comfortable cotton t-shirt Advanced explicit parallelism.,61.59,Clothing
Headphones,Headphones with noise cancellation Integrated 6thgeneration capacity.,456.84,Electronics
Sofa,Comfortable and stylish seating Fundamental system-worthy policy.,13.41,Home
Sneakers,Trendy sneakers with good grip Persevering asymmetric moratorium.,407.08,Clothing
Mystery Novel,A gripping mystery novel Open-source tangible project.,400.82,Books
Dishwasher,Automatic dishwasher for easy cleaning Fundamental bi-directional contingency.,77.65,Home
Jacket,Warm jacket for cold weather Persevering content-based success.,78.86,Clothing
Scarf,Cozy scarf for winter Devolved modular parallelism.,479.64,Clothing
Smartphone,A high-tech gadget with reliability Phased web-enabled implementation.,29.64,Electronics
Hat,Cool hat for sunny days Managed multi-tasking budgetary management.,234.97,Clothing
Science Fiction,Futuristic science fiction story Re-engineered web-enabled Graphic Interface.,142.73,Books
Mystery Novel,A gripping mystery novel Reduced radical database.,88.41,Books
Lamp,Elegant lamp for ambient lighting Synergistic asymmetric data-warehouse.,400.96,Home
RC Car,Remote-controlled car with high speed Synergized neutral frame.,115.26,Toys
Scarf,Cozy scarf for winter Mandatory impactful contingency.,235.29,Clothing
Portable Charger,High capacity portable charger Business-focused holistic infrastructure.,450.81,Gadgets
Building Blocks,Creative building blocks for kids Seamless exuding alliance.,473.67,Toys
Mystery Novel,A gripping mystery novel Innovative disintermediate website.,333.58,Books
RC Car,Remote-controlled car with high speed Expanded homogeneous budgetary management.,386.45,Toys
Hat,Cool hat for sunny days Reduced upward-trending capability.,9.67,Clothing
Fantasy Novel,An epic fantasy adventure Devolved tangible moratorium.,212.24,Books
Microwave,Compact microwave for quick meals Upgradable mobile algorithm.,257.02,Home
Lamp,Elegant lamp for ambient lighting Open-source methodical groupware.,400.59,Home
Action Figure,Detailed action figure from popular series Fundamental logistical website.,230.39,Toys
Bluetooth Speaker,Wireless speaker with great quality Reduced bi-directional projection.,236.6,Gadgets
RC Car,Remote-controlled car with high speed Universal zero tolerance core.,283.52,Toys
Jeans,Stylish denim jeans Polarized bifurcated adapter.,182.82,Clothing
Bluetooth Speaker,Wireless speaker with great quality Profit-focused leadingedge hierarchy.,249.52,Gadgets
Cookbook,Recipes from around the world Face-to-face attitude-oriented application.,262.98,Books
Smart Light Bulb,Energy-efficient smart light bulb Multi-tiered global customer loyalty.,194.01,Gadgets
Bluetooth Speaker,Wireless speaker with great quality Intuitive reciprocal intranet.,145.78,Gadgets
Microwave,Compact microwave for quick meals Distributed didactic analyzer.,136.45,Home
Vacuum Cleaner,Efficient cleaning for your home Advanced transitional encoding.,11.33,Home
Lamp,Elegant lamp for ambient lighting Virtual user-facing open architecture.,162.72,Home
RC Car,Remote-controlled car with high speed Sharable background superstructure.,181.77,Toys
Tablet,Compact tablet with high performance Reduced 24/7 database.,235.85,Electronics
Smartphone,A high-tech gadget with reliability Innovative context-sensitive challenge.,274.67,Electronics
Cookbook,Recipes from around the world Balanced zero-defect open architecture.,345.73,Books
Hat,Cool hat for sunny days Diverse coherent installation.,78.92,Clothing
Refrigerator,Large capacity fridge with freezer Multi-lateral modular application.,265.33,Home
Puzzle,Challenging puzzle to solve Face-to-face radical algorithm.,177.44,Toys
Microwave,Compact microwave for quick meals Synergized even-keeled framework.,24.15,Home
Hat,Cool hat for sunny days Visionary stable system engine.,477.87,Clothing
Refrigerator,Large capacity fridge with freezer Multi-lateral disintermediate hardware.,477.7,Home
Smart Home Hub,Central hub for all your smart devices Digitized user-facing synergy.,455.62,Gadgets
Scarf,Cozy scarf for winter Polarized client-driven moratorium.,314.67,Clothing
Jacket,Warm jacket for cold weather Advanced radical forecast.,437.77,Clothing
VR Headset,Virtual reality headset for fun Visionary reciprocal knowledge user.,95.29,Gadgets
T-shirt,Comfortable cotton t-shirt Distributed demand-driven adapter.,199.44,Clothing
Doll,Beautiful doll with accessories Pre-emptive context-sensitive complexity.,174.31,Toys
Building Blocks,Creative building blocks for kids Implemented analyzing architecture.,308.45,Toys
VR Headset,Virtual reality headset for fun Polarized explicit secured line.,304.79,Gadgets
Jeans,Stylish denim jeans Robust regional moderator.,279.26,Clothing
Portable Charger,High capacity portable charger Upgradable discrete attitude.,193.69,Gadgets
Smart TV,High-definition smart television Assimilated multi-state protocol.,135.88,Electronics
Dishwasher,Automatic dishwasher for easy cleaning Realigned incremental installation.,338.37,Home
Scarf,Cozy scarf for winter Phased homogeneous strategy.,51.62,Clothing
Vacuum Cleaner,Efficient cleaning for your home Reduced high-level superstructure.,202.55,Home
Doll,Beautiful doll with accessories Reduced explicit adapter.,443.0,Toys
Smart Light Bulb,Energy-efficient smart light bulb Pre-emptive web-enabled solution.,175.54,Gadgets
Cookbook,Recipes from around the world Profit-focused didactic definition.,43.03,Books
Hat,Cool hat for sunny days Managed upward-trending neural-net.,322.9,Clothing
Drone,Quadcopter with HD camera Cross-platform analyzing emulation.,238.77,Gadgets
Fantasy Novel,An epic fantasy adventure Synchronized multi-state leverage.,139.63,Books
Hat,Cool hat for sunny days Ameliorated reciprocal knowledgebase.,226.59,Clothing
Headphones,Headphones with noise cancellation Automated static portal.,361.46,Electronics
Lamp,Elegant lamp for ambient lighting Mandatory secondary function.,240.21,Home
Sofa,Comfortable and stylish seating Digitized executive concept.,85.06,Home
Scarf,Cozy scarf for winter Integrated zero-defect artificial intelligence.,341.29,Clothing
Dishwasher,Automatic dishwasher for easy cleaning Organized composite hub.,269.52,Home
Smart Home Hub,Central hub for all your smart devices Open-source radical benchmark.,175.61,Gadgets
Smart Light Bulb,Energy-efficient smart light bulb Progressive transitional ability.,64.71,Gadgets
Action Figure,Detailed action figure from popular series Future-proofed didactic open system.,479.38,Toys
Smart Light Bulb,Energy-efficient smart light bulb Fully-configurable national knowledge user.,376.92,Gadgets
Building Blocks,Creative building blocks for kids Polarized actuating leverage.,296.75,Toys
Laptop,Portable computer for all your needs Grass-roots solution-oriented hierarchy.,128.43,Electronics
Smart Light Bulb,Energy-efficient smart light bulb Fundamental 24/7 algorithm.,415.4,Gadgets
Sneakers,Trendy sneakers with good grip Programmable discrete standardization.,16.03,Clothing
Smart TV,High-definition smart television Multi-tiered multi-tasking forecast.,109.74,Electronics
RC Car,Remote-controlled car with high speed Streamlined exuding budgetary management.,135.73,Toys
Headphones,Headphones with noise cancellation Multi-layered web-enabled toolset.,250.24,Electronics
Science Fiction,Futuristic science fiction story Automated high-level extranet.,42.67,Books
Self-Help,Guide to personal development and success Managed logistical alliance.,35.37,Books
Drone,Quadcopter with HD camera Front-line executive contingency.,34.11,Gadgets
Sneakers,Trendy sneakers with good grip Multi-tiered leadingedge framework.,331.01,Clothing
Building Blocks,Creative building blocks for kids Progressive 24/7 protocol.,210.1,Toys
Drone,Quadcopter with HD camera Managed object-oriented collaboration.,492.5,Gadgets
Action Figure,Detailed action figure from popular series Cross-platform stable matrices.,272.55,Toys
Scarf,Cozy scarf for winter Right-sized interactive service-desk.,210.96,Clothing
Bluetooth Speaker,Wireless speaker with great quality Programmable multimedia implementation.,193.21,Gadgets
Vacuum Cleaner,Efficient cleaning for your home Networked optimal time-frame.,381.29,Home
Cookbook,Recipes from around the world Organic coherent strategy.,163.16,Books
Lamp,Elegant lamp for ambient lighting Inverse zero tolerance budgetary management.,302.64,Home
Sofa,Comfortable and stylish seating Multi-tiered composite throughput.,303.58,Home
Scarf,Cozy scarf for winter User-centric motivating moderator.,284.35,Clothing
Fantasy Novel,An epic fantasy adventure Decentralized stable neural-net.,258.98,Books
Biography,Inspirational biography of a famous person Fundamental 5thgeneration project.,281.73,Books
Refrigerator,Large capacity fridge with freezer Open-architected web-enabled intranet.,264.89,Home
Laptop,Portable computer for all your needs Triple-buffered bi-directional middleware.,227.88,Electronics
Vacuum Cleaner,Efficient cleaning for your home Multi-tiered client-driven database.,83.28,Home
Microwave,Compact microwave for quick meals Business-focused heuristic Internet solution.,428.61,Home
Jeans,Stylish denim jeans Ameliorated grid-enabled database.,317.19,Clothing
Smartwatch,Smartwatch with fitness tracking Vision-oriented tertiary emulation.,261.11,Electronics
Cookbook,Recipes from around the world Re-engineered web-enabled middleware.,86.87,Books
Puzzle,Challenging puzzle to solve Function-based intangible flexibility.,39.51,Toys
Smart TV,High-definition smart television Total scalable secured line.,49.67,Electronics
Smart Home Hub,Central hub for all your smart devices Proactive tangible monitoring.,427.75,Gadgets
Cookbook,Recipes from around the world Compatible 6thgeneration methodology.,316.02,Books
Portable Charger,High capacity portable charger User-centric asymmetric Local Area Network.,408.64,Gadgets
T-shirt,Comfortable cotton t-shirt Synchronized static focus group.,294.48,Clothing
Building Blocks,Creative building blocks for kids Focused eco-centric firmware.,387.0,Toys
Portable Charger,High capacity portable charger Secured client-server website.,421.11,Gadgets
Tablet,Compact tablet with high performance Self-enabling intermediate migration.,482.93,Electronics
Fantasy Novel,An epic fantasy adventure Re-engineered tertiary complexity.,407.38,Books
Cookbook,Recipes from around the world Programmable 24/7 budgetary management.,433.91,Books
Fantasy Novel,An epic fantasy adventure Progressive web-enabled time-frame.,9.5,Books
Smartphone,A high-tech gadget with reliability Balanced object-oriented extranet.,498.33,Electronics
Sofa,Comfortable and stylish seating Optional even-keeled synergy.,412.24,Home
Tablet,Compact tablet with high performance Ameliorated local capability.,448.37,Electronics
Smart Home Hub,Central hub for all your smart devices Ergonomic executive hierarchy.,405.82,Gadgets
Smart Home Hub,Central hub for all your smart devices Optimized dynamic support.,438.78,Gadgets
Cookbook,Recipes from around the world Innovative dynamic challenge.,253.82,Books
T-shirt,Comfortable cotton t-shirt Team-oriented optimal capacity.,380.15,Clothing
Sneakers,Trendy sneakers with good grip Re-engineered static intranet.,254.28,Clothing
Hat,Cool hat for sunny days Visionary secondary structure.,9.07,Clothing
Puzzle,Challenging puzzle to solve Persistent client-driven open system.,467.49,Toys
Smart TV,High-definition smart television Integrated dynamic structure.,480.67,Electronics
Smart Home Hub,Central hub for all your smart devices Upgradable zero tolerance encoding.,354.11,Gadgets
Lamp,Elegant lamp for ambient lighting Switchable global hardware.,88.95,Home
Jeans,Stylish denim jeans Switchable static function.,477.93,Clothing
Smart Light Bulb,Energy-efficient smart light bulb Enhanced foreground infrastructure.,352.19,Gadgets
Sofa,Comfortable and stylish seating Profound 24hour artificial intelligence.,195.18,Home
Board Game,Fun board game for family and friends Customer-focused global framework.,99.91,Toys
Dishwasher,Automatic dishwasher for easy cleaning Synergized user-facing process improvement.,214.24,Home
Smart Home Hub,Central hub for all your smart devices Virtual system-worthy utilization.,300.0,Gadgets
Mystery Novel,A gripping mystery novel Implemented systematic throughput.,161.9,Books
Bluetooth Speaker,Wireless speaker with great quality Realigned composite adapter.,163.32,Gadgets
Portable Charger,High capacity portable charger Sharable systematic open architecture.,343.12,Gadgets
VR Headset,Virtual reality headset for fun Adaptive encompassing neural-net.,237.02,Gadgets
Biography,Inspirational biography of a famous person Upgradable discrete hierarchy.,322.9,Books
Camera,Digital camera with high resolution Ergonomic full-range focus group.,270.39,Electronics
Dishwasher,Automatic dishwasher for easy cleaning Re-contextualized upward-trending Graphic Interface.,260.38,Home
Doll,Beautiful doll with accessories Business-focused coherent throughput.,473.08,Toys
Smart Home Hub,Central hub for all your smart devices Re-engineered next generation functionalities.,174.77,Gadgets
Sneakers,Trendy sneakers with good grip Fundamental web-enabled middleware.,83.67,Clothing
Smart TV,High-definition smart television Vision-oriented exuding Internet solution.,414.71,Electronics
Biography,Inspirational biography of a famous person Integrated holistic forecast.,152.9,Books
Laptop,Portable computer for all your needs Operative radical website.,142.36,Electronics
VR Headset,Virtual reality headset for fun Multi-tiered even-keeled forecast.,54.91,Gadgets
Self-Help,Guide to personal development and success Proactive executive neural-net.,255.19,Books
Cookbook,Recipes from around the world User-friendly modular approach.,468.69,Books
Smartphone,A high-tech gadget with reliability Mandatory zero administration collaboration.,312.93,Electronics
Sneakers,Trendy sneakers with good grip Progressive uniform project.,453.78,Clothing
Vacuum Cleaner,Efficient cleaning for your home Managed tertiary core.,352.64,Home
Bluetooth Speaker,Wireless speaker with great quality Object-based reciprocal knowledge user.,343.72,Gadgets
Jeans,Stylish denim jeans Object-based bifurcated architecture.,48.59,Clothing
Drone,Quadcopter with HD camera Fundamental zero-defect Internet solution.,425.83,Gadgets
Jeans,Stylish denim jeans Expanded heuristic architecture.,349.56,Clothing
Smart Light Bulb,Energy-efficient smart light bulb Extended 24hour moderator.,260.25,Gadgets
Fantasy Novel,An epic fantasy adventure Cross-group responsive matrix.,303.5,Books
Dishwasher,Automatic dishwasher for easy cleaning Inverse transitional paradigm.,154.38,Home
Puzzle,Challenging puzzle to solve Multi-layered methodical strategy.,341.2,Toys
Sneakers,Trendy sneakers with good grip Sharable grid-enabled groupware.,81.84,Clothing
Jeans,Stylish denim jeans Diverse transitional conglomeration.,451.9,Clothing
Board Game,Fun board game for family and friends Synergized scalable structure.,384.78,Toys
RC Car,Remote-controlled car with high speed Profit-focused exuding attitude.,465.68,Toys
Sofa,Comfortable and stylish seating Grass-roots clear-thinking forecast.,24.76,Home
Doll,Beautiful doll with accessories Total 6thgeneration help-desk.,390.94,Toys
Puzzle,Challenging puzzle to solve Open-source logistical system engine.,275.39,Toys
Sneakers,Trendy sneakers with good grip Ameliorated logistical projection.,426.38,Clothing
Portable Charger,High capacity portable charger Mandatory impactful service-desk.,408.88,Gadgets
Sneakers,Trendy sneakers with good grip Universal actuating encryption.,376.23,Clothing
Smartphone,A high-tech gadget with reliability Re-contextualized client-server flexibility.,23.88,Electronics
Microwave,Compact microwave for quick meals Total contextually-based circuit.,80.5,Home
Mystery Novel,A gripping mystery novel Assimilated explicit software.,255.77,Books
Laptop,Portable computer for all your needs Up-sized multi-state adapter.,403.95,Electronics
Smartwatch,Smartwatch with fitness tracking Innovative methodical protocol.,444.99,Electronics
Microwave,Compact microwave for quick meals Future-proofed even-keeled algorithm.,352.94,Home
RC Car,Remote-controlled car with high speed Programmable multi-tasking budgetary management.,14.14,Toys
Cookbook,Recipes from around the world Implemented high-level forecast.,79.6,Books
RC Car,Remote-controlled car with high speed Re-contextualized client-driven customer loyalty.,20.26,Toys
Sneakers,Trendy sneakers with good grip Upgradable 3rdgeneration benchmark.,378.49,Clothing
Doll,Beautiful doll with accessories Cloned client-driven firmware.,440.71,Toys
Science Fiction,Futuristic science fiction story Realigned uniform firmware.,402.64,Books
Dishwasher,Automatic dishwasher for easy cleaning Operative neutral paradigm.,209.75,Home
Smart TV,High-definition smart television Self-enabling discrete attitude.,217.47,Electronics
Smart Light Bulb,Energy-efficient smart light bulb Realigned system-worthy benchmark.,325.91,Gadgets
Hat,Cool hat for sunny days Progressive asymmetric framework.,450.46,Clothing
RC Car,Remote-controlled car with high speed Robust human-resource budgetary management.,369.48,Toys
Lamp,Elegant lamp for ambient lighting Robust multi-tasking synergy.,269.76,Home
Puzzle,Challenging puzzle to solve Virtual demand-driven toolset.,24.47,Toys
Drone,Quadcopter with HD camera Virtual methodical methodology.,407.98,Gadgets
Sofa,Comfortable and stylish seating Sharable multi-tasking adapter.,235.55,Home
Jeans,Stylish denim jeans Ameliorated 6thgeneration utilization.,205.94,Clothing
Smart Home Hub,Central hub for all your smart devices Extended exuding portal.,113.42,Gadgets
Building Blocks,Creative building blocks for kids Innovative non-volatile success.,276.55,Toys
Drone,Quadcopter with HD camera Polarized client-server hierarchy.,368.79,Gadgets
Science Fiction,Futuristic science fiction story Optional mobile archive.,212.73,Books
Dishwasher,Automatic dishwasher for easy cleaning Diverse fresh-thinking definition.,466.08,Home
Camera,Digital camera with high resolution Operative dedicated success.,44.75,Electronics
Doll,Beautiful doll with accessories Optimized upward-trending service-desk.,67.74,Toys
RC Car,Remote-controlled car with high speed Open-source multimedia methodology.,332.43,Toys
Jeans,Stylish denim jeans Diverse 3rdgeneration installation.,304.13,Clothing
Headphones,Headphones with noise cancellation Front-line radical synergy.,280.28,Electronics
Scarf,Cozy scarf for winter Cross-group national superstructure.,460.32,Clothing
Action Figure,Detailed action figure from popular series Switchable impactful concept.,420.35,Toys
Vacuum Cleaner,Efficient cleaning for your home Enterprise-wide real-time middleware.,490.41,Home
Refrigerator,Large capacity fridge with freezer Operative 3rdgeneration neural-net.,455.87,Home
Refrigerator,Large capacity fridge with freezer Multi-lateral interactive alliance.,341.22,Home
Jacket,Warm jacket for cold weather Operative contextually-based interface.,122.82,Clothing
Portable Charger,High capacity portable charger Ameliorated tertiary success.,454.29,Gadgets
VR Headset,Virtual reality headset for fun Seamless contextually-based project.,157.9,Gadgets
Building Blocks,Creative building blocks for kids Networked high-level focus group.,324.6,Toys
Mystery Novel,A gripping mystery novel Grass-roots mission-critical intranet.,80.44,Books
Cookbook,Recipes from around the world Profit-focused multi-state parallelism.,155.61,Books
Action Figure,Detailed action figure from popular series Multi-layered neutral structure.,117.14,Toys
Tablet,Compact tablet with high performance Optional multimedia utilization.,253.1,Electronics
Microwave,Compact microwave for quick meals Self-enabling bandwidth-monitored structure.,257.11,Home
Microwave,Compact microwave for quick meals Multi-layered zero tolerance initiative.,473.49,Home
Tablet,Compact tablet with high performance Total foreground implementation.,477.72,Electronics
Doll,Beautiful doll with accessories Team-oriented demand-driven data-warehouse.,174.49,Toys
Smart TV,High-definition smart television Configurable actuating policy.,130.82,Electronics
Smartphone,A high-tech gadget with reliability Team-oriented dedicated complexity.,322.08,Electronics
Drone,Quadcopter with HD camera Re-engineered upward-trending framework.,427.95,Gadgets
Action Figure,Detailed action figure from popular series Versatile coherent model.,321.31,Toys
Tablet,Compact tablet with high performance Mandatory context-sensitive knowledgebase.,125.04,Electronics
Smartphone,A high-tech gadget with reliability Switchable web-enabled info-mediaries.,82.1,Electronics
Sneakers,Trendy sneakers with good grip Virtual 24/7 alliance.,192.6,Clothing
Board Game,Fun board game for family and friends Ameliorated multi-tasking orchestration.,14.02,Toys
Building Blocks,Creative building blocks for kids Multi-tiered attitude-oriented task-force.,383.35,Toys
Smart TV,High-definition smart television Managed interactive migration.,70.04,Electronics
T-shirt,Comfortable cotton t-shirt Proactive incremental matrices.,120.8,Clothing
Self-Help,Guide to personal development and success Streamlined well-modulated emulation.,126.05,Books
Cookbook,Recipes from around the world Expanded value-added toolset.,331.53,Books
Tablet,Compact tablet with high performance Robust content-based initiative.,56.8,Electronics
Biography,Inspirational biography of a famous person Down-sized bandwidth-monitored protocol.,39.39,Books
Biography,Inspirational biography of a famous person Ameliorated executive methodology.,398.14,Books
Puzzle,Challenging puzzle to solve Exclusive content-based synergy.,219.65,Toys
Camera,Digital camera with high resolution Operative encompassing collaboration.,439.14,Electronics
Smartphone,A high-tech gadget with reliability Customer-focused client-server projection.,401.12,Electronics
Lamp,Elegant lamp for ambient lighting Extended clear-thinking instruction set.,182.99,Home
RC Car,Remote-controlled car with high speed Ergonomic disintermediate superstructure.,392.81,Toys
Dishwasher,Automatic dishwasher for easy cleaning Switchable disintermediate framework.,14.06,Home
Action Figure,Detailed action figure from popular series Profound transitional data-warehouse.,482.59,Toys
Board Game,Fun board game for family and friends Operative asymmetric encryption.,173.36,Toys
Fantasy Novel,An epic fantasy adventure Reduced leadingedge alliance.,294.72,Books
Camera,Digital camera with high resolution Enterprise-wide national knowledge user.,56.69,Electronics
Refrigerator,Large capacity fridge with freezer Expanded full-range toolset.,22.69,Home
T-shirt,Comfortable cotton t-shirt Inverse dedicated collaboration.,290.98,Clothing
Puzzle,Challenging puzzle to solve Cloned client-driven pricing structure.,492.26,Toys
Board Game,Fun board game for family and friends Synergized responsive methodology.,34.99,Toys
Refrigerator,Large capacity fridge with freezer Open-source systemic matrices.,279.26,Home
Vacuum Cleaner,Efficient cleaning for your home Pre-emptive value-added success.,426.75,Home
Cookbook,Recipes from around the world Ameliorated encompassing firmware.,193.56,Books
Science Fiction,Futuristic science fiction story Phased mobile ability.,153.58,Books
Smart Light Bulb,Energy-efficient smart light bulb Grass-roots hybrid standardization.,354.02,Gadgets
Self-Help,Guide to personal development and success Enhanced needs-based migration.,238.56,Books
Headphones,Headphones with noise cancellation Progressive context-sensitive conglomeration.,236.92,Electronics
Vacuum Cleaner,Efficient cleaning for your home Multi-lateral client-driven application.,423.56,Home
Drone,Quadcopter with HD camera Multi-channeled eco-centric open architecture.,426.07,Gadgets
Cookbook,Recipes from around the world Visionary zero administration solution.,311.29,Books
VR Headset,Virtual reality headset for fun Fundamental clear-thinking Internet solution.,352.42,Gadgets
Hat,Cool hat for sunny days Reactive multi-tasking infrastructure.,74.91,Clothing
Vacuum Cleaner,Efficient cleaning for your home Re-contextualized stable Graphic Interface.,267.77,Home
Headphones,Headphones with noise cancellation Adaptive solution-oriented application.,477.5,Electronics
Jacket,Warm jacket for cold weather Assimilated well-modulated Internet solution.,460.92,Clothing
Scarf,Cozy scarf for winter Multi-tiered multimedia infrastructure.,345.38,Clothing
Biography,Inspirational biography of a famous person Profit-focused reciprocal info-mediaries.,9.1,Books
VR Headset,Virtual reality headset for fun Down-sized responsive open system.,432.56,Gadgets
Cookbook,Recipes from around the world Front-line discrete infrastructure.,191.26,Books
Doll,Beautiful doll with accessories Synergistic empowering software.,479.23,Toys
Sneakers,Trendy sneakers with good grip Right-sized multimedia middleware.,178.97,Clothing
Jacket,Warm jacket for cold weather Advanced zero tolerance complexity.,125.65,Clothing
VR Headset,Virtual reality headset for fun Persevering composite pricing structure.,311.03,Gadgets
Jeans,Stylish denim jeans De-engineered bandwidth-monitored emulation.,411.87,Clothing
Dishwasher,Automatic dishwasher for easy cleaning Triple-buffered user-facing framework.,46.12,Home
Smartwatch,Smartwatch with fitness tracking Compatible global implementation.,194.3,Electronics
Mystery Novel,A gripping mystery novel De-engineered multi-tasking pricing structure.,255.67,Books
Cookbook,Recipes from around the world Inverse cohesive info-mediaries.,147.74,Books
Dishwasher,Automatic dishwasher for easy cleaning Switchable radical architecture.,313.08,Home
Doll,Beautiful doll with accessories Open-architected fault-tolerant approach.,24.22,Toys
Smart Home Hub,Central hub for all your smart devices Customizable mobile core.,183.32,Gadgets
Lamp,Elegant lamp for ambient lighting Persevering national firmware.,181.8,Home
Science Fiction,Futuristic science fiction story Virtual attitude-oriented infrastructure.,207.34,Books
Biography,Inspirational biography of a famous person Customizable heuristic structure.,300.66,Books
Smart TV,High-definition smart television User-centric zero administration info-mediaries.,89.22,Electronics
Smart Light Bulb,Energy-efficient smart light bulb Visionary clear-thinking core.,170.91,Gadgets
Tablet,Compact tablet with high performance Optimized bandwidth-monitored utilization.,486.68,Electronics
Jeans,Stylish denim jeans Customizable 24/7 core.,290.26,Clothing
Smart Light Bulb,Energy-efficient smart light bulb Face-to-face mission-critical capacity.,167.79,Gadgets
T-shirt,Comfortable cotton t-shirt Proactive real-time concept.,239.76,Clothing
Self-Help,Guide to personal development and success Organized needs-based contingency.,266.79,Books
Jeans,Stylish denim jeans Adaptive scalable orchestration.,142.1,Clothing
T-shirt,Comfortable cotton t-shirt Public-key hybrid knowledge user.,91.4,Clothing
Action Figure,Detailed action figure from popular series Profit-focused even-keeled installation.,398.44,Toys
Self-Help,Guide to personal development and success Enhanced 24hour encoding.,355.67,Books
Biography,Inspirational biography of a famous person Centralized 24/7 throughput.,469.82,Books
Lamp,Elegant lamp for ambient lighting Re-engineered analyzing synergy.,103.01,Home
Mystery Novel,A gripping mystery novel Expanded logistical forecast.,141.5,Books
Lamp,Elegant lamp for ambient lighting User-centric hybrid policy.,301.06,Home
Cookbook,Recipes from around the world Distributed zero administration instruction set.,140.64,Books
Vacuum Cleaner,Efficient cleaning for your home Face-to-face maximized open system.,418.04,Home
Sofa,Comfortable and stylish seating Streamlined local system engine.,94.07,Home
T-shirt,Comfortable cotton t-shirt Face-to-face even-keeled superstructure.,109.28,Clothing
Puzzle,Challenging puzzle to solve Right-sized actuating secured line.,44.91,Toys
Camera,Digital camera with high resolution Customer-focused non-volatile approach.,64.81,Electronics
Self-Help,Guide to personal development and success Pre-emptive analyzing encryption.,143.6,Books
Headphones,Headphones with noise cancellation Expanded composite website.,219.81,Electronics
Bluetooth Speaker,Wireless speaker with great quality Secured bifurcated benchmark.,66.49,Gadgets
Headphones,Headphones with noise cancellation User-centric 24/7 complexity.,41.93,Electronics
Microwave,Compact microwave for quick meals Profit-focused foreground application.,209.58,Home
Scarf,Cozy scarf for winter Business-focused solution-oriented methodology.,302.2,Clothing
Dishwasher,Automatic dishwasher for easy cleaning Intuitive zero tolerance concept.,384.99,Home
Tablet,Compact tablet with high performance Organized bottom-line structure.,311.15,Electronics
Hat,Cool hat for sunny days Configurable high-level synergy.,253.72,Clothing
Tablet,Compact tablet with high performance Cross-platform value-added artificial intelligence.,61.05,Electronics
Action Figure,Detailed action figure from popular series Intuitive zero administration application.,143.8,Toys
Mystery Novel,A gripping mystery novel Down-sized national workforce.,166.37,Books
Refrigerator,Large capacity fridge with freezer Team-oriented modular analyzer.,123.39,Home
Bluetooth Speaker,Wireless speaker with great quality Multi-channeled fresh-thinking productivity.,47.45,Gadgets
Portable Charger,High capacity portable charger Synchronized system-worthy framework.,258.43,Gadgets
Smart Home Hub,Central hub for all your smart devices Total intermediate neural-net.,171.75,Gadgets
Cookbook,Recipes from around the world Expanded discrete pricing structure.,367.47,Books
Drone,Quadcopter with HD camera Distributed value-added parallelism.,78.43,Gadgets
Sofa,Comfortable and stylish seating Multi-lateral systemic migration.,365.3,Home
Biography,Inspirational biography of a famous person Versatile needs-based array.,434.18,Books
Biography,Inspirational biography of a famous person Proactive executive data-warehouse.,278.51,Books
Building Blocks,Creative building blocks for kids Public-key discrete parallelism.,58.97,Toys
Science Fiction,Futuristic science fiction story Customizable empowering initiative.,120.42,Books
Mystery Novel,A gripping mystery novel Open-architected logistical flexibility.,419.45,Books
Microwave,Compact microwave for quick meals Fully-configurable bifurcated help-desk.,258.05,Home
Vacuum Cleaner,Efficient cleaning for your home Switchable neutral definition.,141.57,Home
Laptop,Portable computer for all your needs Public-key value-added middleware.,168.19,Electronics
Action Figure,Detailed action figure from popular series Function-based radical matrices.,251.61,Toys
Smartwatch,Smartwatch with fitness tracking Seamless systemic time-frame.,357.11,Electronics
VR Headset,Virtual reality headset for fun Phased clear-thinking function.,498.71,Gadgets
Camera,Digital camera with high resolution Implemented global contingency.,310.49,Electronics
Fantasy Novel,An epic fantasy adventure Progressive uniform toolset.,307.57,Books
Vacuum Cleaner,Efficient cleaning for your home Horizontal didactic leverage.,269.86,Home
Smartwatch,Smartwatch with fitness tracking Proactive explicit protocol.,66.94,Electronics
Laptop,Portable computer for all your needs Front-line regional moderator.,294.13,Electronics
Self-Help,Guide to personal development and success Multi-tiered content-based info-mediaries.,98.8,Books
Fantasy Novel,An epic fantasy adventure Right-sized non-volatile alliance.,378.45,Books
Vacuum Cleaner,Efficient cleaning for your home Cloned 5thgeneration artificial intelligence.,383.54,Home
Sofa,Comfortable and stylish seating Exclusive solution-oriented help-desk.,478.89,Home
Biography,Inspirational biography of a famous person Reactive 6thgeneration access.,225.9,Books
Drone,Quadcopter with HD camera Total user-facing project.,454.86,Gadgets
Laptop,Portable computer for all your needs Optional leadingedge attitude.,135.1,Electronics
Sneakers,Trendy sneakers with good grip Re-contextualized encompassing firmware.,469.55,Clothing
Dishwasher,Automatic dishwasher for easy cleaning Persevering bifurcated alliance.,487.03,Home
Mystery Novel,A gripping mystery novel Vision-oriented holistic service-desk.,248.29,Books
Action Figure,Detailed action figure from popular series Enterprise-wide asymmetric hub.,281.89,Toys
Headphones,Headphones with noise cancellation Upgradable radical info-mediaries.,298.47,Electronics
Dishwasher,Automatic dishwasher for easy cleaning Visionary multi-state open architecture.,356.63,Home
Board Game,Fun board game for family and friends Face-to-face bi-directional methodology.,54.69,Toys
Action Figure,Detailed action figure from popular series Profit-focused bandwidth-monitored project.,359.27,Toys
Portable Charger,High capacity portable charger Horizontal zero-defect flexibility.,448.96,Gadgets
Smart TV,High-definition smart television Future-proofed full-range leverage.,454.92,Electronics
Jeans,Stylish denim jeans Inverse didactic interface.,286.68,Clothing
Cookbook,Recipes from around the world Optional neutral adapter.,231.5,Books
T-shirt,Comfortable cotton t-shirt Down-sized well-modulated open architecture.,163.71,Clothing
Fantasy Novel,An epic fantasy adventure Decentralized secondary toolset.,52.93,Books
Smart Home Hub,Central hub for all your smart devices Versatile background Internet solution.,171.74,Gadgets
Cookbook,Recipes from around the world Operative directional installation.,369.14,Books
Drone,Quadcopter with HD camera Innovative modular orchestration.,485.76,Gadgets
Board Game,Fun board game for family and friends Ameliorated heuristic algorithm.,321.79,Toys
Laptop,Portable computer for all your needs Inverse static matrix.,207.41,Electronics
Smart Light Bulb,Energy-efficient smart light bulb Optional secondary instruction set.,154.07,Gadgets
Laptop,Portable computer for all your needs Optimized discrete complexity.,396.19,Electronics
Board Game,Fun board game for family and friends Re-contextualized leadingedge intranet.,73.98,Toys
Cookbook,Recipes from around the world Robust bi-directional orchestration.,55.82,Books
VR Headset,Virtual reality headset for fun Monitored explicit system engine.,76.4,Gadgets
T-shirt,Comfortable cotton t-shirt Cloned uniform support.,493.9,Clothing
Lamp,Elegant lamp for ambient lighting Quality-focused client-driven conglomeration.,14.28,Home
Self-Help,Guide to personal development and success Optimized methodical emulation.,362.97,Books
Doll,Beautiful doll with accessories Cross-platform background knowledge user.,323.71,Toys
Smart TV,High-definition smart television Multi-layered background alliance.,272.01,Electronics
Lamp,Elegant lamp for ambient lighting Versatile high-level architecture.,433.69,Home
Vacuum Cleaner,Efficient cleaning for your home Stand-alone fault-tolerant service-desk.,7.69,Home
Puzzle,Challenging puzzle to solve Automated empowering synergy.,330.1,Toys
Biography,Inspirational biography of a famous person Cloned value-added functionalities.,283.89,Books
Drone,Quadcopter with HD camera Multi-lateral neutral model.,263.74,Gadgets
Microwave,Compact microwave for quick meals Devolved bottom-line methodology.,106.67,Home
Dishwasher,Automatic dishwasher for easy cleaning Multi-channeled context-sensitive solution.,120.84,Home
Fantasy Novel,An epic fantasy adventure Realigned bi-directional hub.,84.42,Books
Portable Charger,High capacity portable charger User-centric mission-critical hub.,245.68,Gadgets
Lamp,Elegant lamp for ambient lighting Sharable logistical framework.,350.47,Home
Tablet,Compact tablet with high performance Balanced tertiary structure.,54.5,Electronics
Fantasy Novel,An epic fantasy adventure Assimilated background structure.,458.95,Books
Drone,Quadcopter with HD camera Up-sized explicit application.,268.61,Gadgets
Scarf,Cozy scarf for winter Public-key solution-oriented data-warehouse.,451.31,Clothing
Puzzle,Challenging puzzle to solve Progressive impactful moratorium.,209.29,Toys
Smart TV,High-definition smart television Visionary directional extranet.,93.75,Electronics
Dishwasher,Automatic dishwasher for easy cleaning Synergistic secondary implementation.,137.62,Home
Smart Home Hub,Central hub for all your smart devices Self-enabling logistical workforce.,469.61,Gadgets
Science Fiction,Futuristic science fiction story Profound multi-state time-frame.,469.03,Books
Hat,Cool hat for sunny days Function-based contextually-based open system.,479.04,Clothing
Vacuum Cleaner,Efficient cleaning for your home Open-source content-based functionalities.,184.34,Home
Sofa,Comfortable and stylish seating Face-to-face full-range service-desk.,221.63,Home
Mystery Novel,A gripping mystery novel Robust 24/7 encoding.,96.03,Books
Refrigerator,Large capacity fridge with freezer Ergonomic global algorithm.,138.08,Home
Camera,Digital camera with high resolution Fundamental client-server instruction set.,369.76,Electronics
Hat,Cool hat for sunny days Versatile systematic interface.,120.73,Clothing
T-shirt,Comfortable cotton t-shirt Front-line even-keeled hub.,285.04,Clothing
Lamp,Elegant lamp for ambient lighting Reduced encompassing superstructure.,139.74,Home
Portable Charger,High capacity portable charger Virtual attitude-oriented forecast.,55.83,Gadgets
Board Game,Fun board game for family and friends Versatile 4thgeneration product.,217.07,Toys
Bluetooth Speaker,Wireless speaker with great quality Intuitive value-added protocol.,14.72,Gadgets
VR Headset,Virtual reality headset for fun Automated grid-enabled circuit.,308.88,Gadgets
VR Headset,Virtual reality headset for fun De-engineered demand-driven knowledge user.,222.32,Gadgets
Lamp,Elegant lamp for ambient lighting Self-enabling human-resource customer loyalty.,476.75,Home
Board Game,Fun board game for family and friends Front-line client-driven architecture.,82.32,Toys
Cookbook,Recipes from around the world Universal attitude-oriented knowledge user.,290.75,Books
Microwave,Compact microwave for quick meals Centralized human-resource strategy.,11.76,Home
Mystery Novel,A gripping mystery novel Profound encompassing initiative.,431.25,Books
Doll,Beautiful doll with accessories Intuitive discrete budgetary management.,60.75,Toys
T-shirt,Comfortable cotton t-shirt Innovative human-resource policy.,254.84,Clothing
VR Headset,Virtual reality headset for fun Innovative systematic open architecture.,496.94,Gadgets
Board Game,Fun board game for family and friends Secured context-sensitive emulation.,128.34,Toys
Laptop,Portable computer for all your needs Organic local array.,497.12,Electronics
Building Blocks,Creative building blocks for kids Persevering neutral info-mediaries.,95.05,Toys
Vacuum Cleaner,Efficient cleaning for your home Synergistic full-range database.,84.49,Home
Portable Charger,High capacity portable charger Monitored exuding approach.,125.55,Gadgets
Dishwasher,Automatic dishwasher for easy cleaning Inverse uniform algorithm.,394.47,Home
Camera,Digital camera with high resolution Inverse neutral flexibility.,23.05,Electronics
Board Game,Fun board game for family and friends Future-proofed maximized groupware.,365.15,Toys
Jeans,Stylish denim jeans Polarized 5thgeneration conglomeration.,91.36,Clothing
Laptop,Portable computer for all your needs Team-oriented demand-driven Local Area Network.,300.81,Electronics
Smart Light Bulb,Energy-efficient smart light bulb Cloned reciprocal hierarchy.,168.5,Gadgets
Smartphone,A high-tech gadget with reliability Optional bi-directional toolset.,61.5,Electronics
Vacuum Cleaner,Efficient cleaning for your home Ergonomic composite hardware.,221.36,Home
Dishwasher,Automatic dishwasher for easy cleaning Profit-focused web-enabled success.,217.28,Home
Sofa,Comfortable and stylish seating Cross-group 24/7 emulation.,171.71,Home
RC Car,Remote-controlled car with high speed Virtual fresh-thinking initiative.,247.11,Toys
VR Headset,Virtual reality headset for fun Organic executive flexibility.,482.87,Gadgets
Mystery Novel,A gripping mystery novel Versatile encompassing secured line.,338.11,Books
Headphones,Headphones with noise cancellation Expanded radical support.,329.59,Electronics
Scarf,Cozy scarf for winter Enterprise-wide bifurcated implementation.,147.63,Clothing
Bluetooth Speaker,Wireless speaker with great quality Horizontal methodical array.,265.33,Gadgets
Board Game,Fun board game for family and friends Programmable empowering methodology.,329.07,Toys
Self-Help,Guide to personal development and success Down-sized background structure.,439.31,Books
Lamp,Elegant lamp for ambient lighting Re-contextualized coherent function.,308.89,Home
Dishwasher,Automatic dishwasher for easy cleaning Focused discrete orchestration.,445.25,Home
Microwave,Compact microwave for quick meals Extended uniform interface.,24.81,Home
Portable Charger,High capacity portable charger De-engineered dynamic project.,298.41,Gadgets
Smart Light Bulb,Energy-efficient smart light bulb Implemented eco-centric extranet.,121.73,Gadgets
VR Headset,Virtual reality headset for fun Universal responsive superstructure.,255.98,Gadgets
Biography,Inspirational biography of a famous person Centralized local interface.,121.46,Books
Self-Help,Guide to personal development and success Phased transitional benchmark.,16.48,Books
Smartwatch,Smartwatch with fitness tracking Open-architected client-server benchmark.,102.14,Electronics
Dishwasher,Automatic dishwasher for easy cleaning Upgradable web-enabled flexibility.,38.05,Home
Refrigerator,Large capacity fridge with freezer Synergistic heuristic strategy.,193.0,Home
Jacket,Warm jacket for cold weather Optional national alliance.,110.89,Clothing
Sofa,Comfortable and stylish seating Configurable mobile Graphic Interface.,343.24,Home
Lamp,Elegant lamp for ambient lighting Function-based cohesive process improvement.,211.64,Home
Refrigerator,Large capacity fridge with freezer Distributed logistical knowledge user.,287.31,Home
Dishwasher,Automatic dishwasher for easy cleaning Open-source object-oriented strategy.,413.36,Home
Smart Home Hub,Central hub for all your smart devices Customer-focused disintermediate knowledge user.,228.79,Gadgets
Portable Charger,High capacity portable charger Centralized user-facing budgetary management.,415.85,Gadgets
Sneakers,Trendy sneakers with good grip Assimilated multimedia service-desk.,331.08,Clothing
VR Headset,Virtual reality headset for fun Synchronized systemic encryption.,307.47,Gadgets
Sneakers,Trendy sneakers with good grip Business-focused bandwidth-monitored encoding.,292.02,Clothing
Hat,Cool hat for sunny days Visionary national secured line.,299.6,Clothing
Sneakers,Trendy sneakers with good grip Self-enabling actuating matrices.,253.62,Clothing
T-shirt,Comfortable cotton t-shirt Total cohesive migration.,81.84,Clothing
Cookbook,Recipes from around the world Seamless demand-driven knowledge user.,163.73,Books
Jacket,Warm jacket for cold weather Re-contextualized 5thgeneration challenge.,370.22,Clothing
Board Game,Fun board game for family and friends Universal secondary core.,64.41,Toys
Smartwatch,Smartwatch with fitness tracking Profound coherent open architecture.,484.2,Electronics
Hat,Cool hat for sunny days Cross-group needs-based core.,168.47,Clothing
Puzzle,Challenging puzzle to solve Grass-roots impactful Graphical User Interface.,223.1,Toys
Sofa,Comfortable and stylish seating Quality-focused asymmetric implementation.,76.55,Home
Smart Home Hub,Central hub for all your smart devices Digitized bottom-line algorithm.,341.36,Gadgets
Science Fiction,Futuristic science fiction story Quality-focused zero tolerance software.,409.03,Books
Jeans,Stylish denim jeans Centralized clear-thinking toolset.,471.46,Clothing
Headphones,Headphones with noise cancellation Innovative client-server intranet.,73.15,Electronics
Doll,Beautiful doll with accessories Organic upward-trending focus group.,253.81,Toys
Headphones,Headphones with noise cancellation Balanced zero tolerance matrices.,76.74,Electronics
Scarf,Cozy scarf for winter Phased uniform implementation.,390.33,Clothing
Tablet,Compact tablet with high performance Streamlined analyzing project.,448.26,Electronics
Action Figure,Detailed action figure from popular series Ergonomic human-resource task-force.,185.73,Toys
Smart Home Hub,Central hub for all your smart devices Ameliorated local initiative.,425.77,Gadgets
Scarf,Cozy scarf for winter Assimilated zero tolerance software.,401.09,Clothing
Building Blocks,Creative building blocks for kids Optimized context-sensitive customer loyalty.,204.21,Toys
Fantasy Novel,An epic fantasy adventure Compatible national collaboration.,348.32,Books
Smartphone,A high-tech gadget with reliability Decentralized object-oriented ability.,355.47,Electronics
RC Car,Remote-controlled car with high speed Triple-buffered dynamic implementation.,220.39,Toys
Sneakers,Trendy sneakers with good grip Right-sized tertiary capability.,380.09,Clothing
Jacket,Warm jacket for cold weather Pre-emptive radical parallelism.,435.94,Clothing
Cookbook,Recipes from around the world Diverse non-volatile parallelism.,102.24,Books
Bluetooth Speaker,Wireless speaker with great quality Grass-roots client-server capacity.,28.05,Gadgets
Tablet,Compact tablet with high performance Phased fresh-thinking frame.,175.06,Electronics
Jacket,Warm jacket for cold weather Intuitive dedicated adapter.,6.09,Clothing
VR Headset,Virtual reality headset for fun Multi-layered analyzing artificial intelligence.,421.19,Gadgets
Headphones,Headphones with noise cancellation Networked fault-tolerant concept.,122.34,Electronics
T-shirt,Comfortable cotton t-shirt User-friendly dedicated implementation.,16.92,Clothing
Drone,Quadcopter with HD camera Front-line high-level product.,61.77,Gadgets
Board Game,Fun board game for family and friends Pre-emptive transitional application.,344.04,Toys
Drone,Quadcopter with HD camera Virtual holistic firmware.,223.31,Gadgets
Drone,Quadcopter with HD camera Total contextually-based paradigm.,460.55,Gadgets
Sneakers,Trendy sneakers with good grip Assimilated asymmetric middleware.,140.12,Clothing
Drone,Quadcopter with HD camera User-friendly 4thgeneration hierarchy.,180.18,Gadgets
Smart Home Hub,Central hub for all your smart devices Synergistic contextually-based service-desk.,432.34,Gadgets
Puzzle,Challenging puzzle to solve Assimilated context-sensitive knowledge user.,271.48,Toys
Smartphone,A high-tech gadget with reliability Optimized client-server interface.,158.7,Electronics
Microwave,Compact microwave for quick meals Cloned intermediate framework.,423.98,Home
Building Blocks,Creative building blocks for kids Self-enabling systematic software.,343.16,Toys
Smartwatch,Smartwatch with fitness tracking Devolved impactful flexibility.,360.51,Electronics
Smart Home Hub,Central hub for all your smart devices Adaptive 6thgeneration parallelism.,490.1,Gadgets
Portable Charger,High capacity portable charger Assimilated empowering approach.,380.5,Gadgets
Camera,Digital camera with high resolution Organized value-added challenge.,484.45,Electronics
T-shirt,Comfortable cotton t-shirt Automated holistic open architecture.,159.67,Clothing
VR Headset,Virtual reality headset for fun Re-contextualized incremental knowledgebase.,274.88,Gadgets
Smartphone,A high-tech gadget with reliability Open-source didactic intranet.,255.79,Electronics
T-shirt,Comfortable cotton t-shirt Implemented heuristic knowledge user.,362.91,Clothing
Science Fiction,Futuristic science fiction story Proactive analyzing hub.,338.19,Books
Science Fiction,Futuristic science fiction story Balanced static process improvement.,183.76,Books
Board Game,Fun board game for family and friends Devolved optimal Internet solution.,44.94,Toys
Doll,Beautiful doll with accessories Digitized background definition.,292.46,Toys
RC Car,Remote-controlled car with high speed Managed eco-centric throughput.,328.52,Toys
Smart TV,High-definition smart television Distributed asymmetric projection.,237.22,Electronics
Scarf,Cozy scarf for winter De-engineered systematic strategy.,279.63,Clothing
Doll,Beautiful doll with accessories Distributed web-enabled customer loyalty.,303.47,Toys
Cookbook,Recipes from around the world Adaptive 5thgeneration success.,56.05,Books
RC Car,Remote-controlled car with high speed Fully-configurable systemic alliance.,163.26,Toys
Scarf,Cozy scarf for winter Right-sized upward-trending collaboration.,16.44,Clothing
Mystery Novel,A gripping mystery novel Centralized static task-force.,456.62,Books
Biography,Inspirational biography of a famous person Front-line asymmetric forecast.,352.01,Books
Sneakers,Trendy sneakers with good grip Multi-layered optimal capability.,123.55,Clothing
Bluetooth Speaker,Wireless speaker with great quality Business-focused local alliance.,49.73,Gadgets
Smartwatch,Smartwatch with fitness tracking Implemented neutral utilization.,417.97,Electronics
Vacuum Cleaner,Efficient cleaning for your home Synergistic dedicated hardware.,236.65,Home
Camera,Digital camera with high resolution De-engineered hybrid moderator.,454.86,Electronics
Camera,Digital camera with high resolution Customer-focused disintermediate interface.,209.11,Electronics
Hat,Cool hat for sunny days Devolved context-sensitive archive.,365.64,Clothing
Smart Home Hub,Central hub for all your smart devices Persistent zero-defect contingency.,395.18,Gadgets
VR Headset,Virtual reality headset for fun Distributed zero tolerance emulation.,397.3,Gadgets
Vacuum Cleaner,Efficient cleaning for your home Expanded needs-based implementation.,201.19,Home
Cookbook,Recipes from around the world Multi-channeled intermediate leverage.,223.23,Books
Action Figure,Detailed action figure from popular series Innovative dynamic migration.,164.51,Toys
Microwave,Compact microwave for quick meals Grass-roots zero administration superstructure.,431.33,Home
Puzzle,Challenging puzzle to solve Public-key composite collaboration.,274.46,Toys
RC Car,Remote-controlled car with high speed Realigned tangible projection.,370.08,Toys
Refrigerator,Large capacity fridge with freezer Organized holistic parallelism.,442.91,Home
Microwave,Compact microwave for quick meals Switchable zero administration installation.,130.85,Home
T-shirt,Comfortable cotton t-shirt Multi-lateral high-level customer loyalty.,239.76,Clothing
Sofa,Comfortable and stylish seating User-friendly zero-defect intranet.,115.59,Home
Smartwatch,Smartwatch with fitness tracking Innovative empowering access.,14.12,Electronics
Camera,Digital camera with high resolution Progressive system-worthy synergy.,125.37,Electronics
Portable Charger,High capacity portable charger Multi-lateral disintermediate Internet solution.,382.66,Gadgets
Portable Charger,High capacity portable charger Reverse-engineered full-range function.,127.36,Gadgets
VR Headset,Virtual reality headset for fun Mandatory transitional groupware.,405.66,Gadgets
VR Headset,Virtual reality headset for fun Optional mission-critical extranet.,398.29,Gadgets
Fantasy Novel,An epic fantasy adventure Reverse-engineered stable strategy.,429.45,Books
Lamp,Elegant lamp for ambient lighting Vision-oriented object-oriented archive.,138.28,Home
Puzzle,Challenging puzzle to solve Programmable systematic archive.,267.36,Toys
Biography,Inspirational biography of a famous person Re-contextualized eco-centric artificial intelligence.,143.03,Books
Smart Light Bulb,Energy-efficient smart light bulb Triple-buffered tertiary neural-net.,316.96,Gadgets
Board Game,Fun board game for family and friends Integrated heuristic artificial intelligence.,347.77,Toys
Building Blocks,Creative building blocks for kids Synergized background knowledge user.,479.55,Toys
Lamp,Elegant lamp for ambient lighting Open-source asynchronous ability.,492.06,Home
Bluetooth Speaker,Wireless speaker with great quality User-centric bottom-line circuit.,123.27,Gadgets
Vacuum Cleaner,Efficient cleaning for your home Centralized systemic strategy.,428.98,Home
Laptop,Portable computer for all your needs Adaptive scalable support.,338.4,Electronics
Building Blocks,Creative building blocks for kids Advanced bandwidth-monitored array.,216.15,Toys
Smart Light Bulb,Energy-efficient smart light bulb Up-sized demand-driven definition.,276.19,Gadgets
Smart TV,High-definition smart television Quality-focused bottom-line archive.,236.17,Electronics
Headphones,Headphones with noise cancellation Down-sized 24hour analyzer.,419.36,Electronics
Smart Home Hub,Central hub for all your smart devices Implemented bifurcated collaboration.,154.91,Gadgets
Biography,Inspirational biography of a famous person Programmable optimal middleware.,494.52,Books
Doll,Beautiful doll with accessories Profound incremental Graphic Interface.,250.52,Toys
Puzzle,Challenging puzzle to solve Multi-channeled real-time secured line.,332.33,Toys
Portable Charger,High capacity portable charger Profound next generation approach.,334.22,Gadgets
Smartphone,A high-tech gadget with reliability Progressive systemic utilization.,67.67,Electronics
Bluetooth Speaker,Wireless speaker with great quality Adaptive static emulation.,475.81,Gadgets
Headphones,Headphones with noise cancellation Progressive context-sensitive artificial intelligence.,428.07,Electronics
Portable Charger,High capacity portable charger Diverse holistic matrix.,216.59,Gadgets
Smart Home Hub,Central hub for all your smart devices Phased background functionalities.,222.7,Gadgets
Doll,Beautiful doll with accessories Business-focused upward-trending projection.,488.39,Toys
Hat,Cool hat for sunny days Networked foreground hierarchy.,66.32,Clothing
Jeans,Stylish denim jeans Advanced clear-thinking structure.,30.03,Clothing
Microwave,Compact microwave for quick meals Vision-oriented discrete implementation.,82.52,Home
Doll,Beautiful doll with accessories Adaptive 4thgeneration archive.,61.61,Toys
Science Fiction,Futuristic science fiction story Team-oriented even-keeled application.,346.94,Books
Microwave,Compact microwave for quick meals Function-based 3rdgeneration system engine.,38.27,Home
Doll,Beautiful doll with accessories Compatible grid-enabled neural-net.,5.69,Toys
Sneakers,Trendy sneakers with good grip Integrated background Internet solution.,396.99,Clothing
Cookbook,Recipes from around the world User-friendly dynamic instruction set.,236.38,Books
Dishwasher,Automatic dishwasher for easy cleaning Synergistic bifurcated artificial intelligence.,438.38,Home
Drone,Quadcopter with HD camera Ameliorated full-range analyzer.,444.86,Gadgets
Tablet,Compact tablet with high performance Sharable fresh-thinking contingency.,349.19,Electronics
Cookbook,Recipes from around the world Switchable dedicated definition.,441.78,Books
Biography,Inspirational biography of a famous person Implemented client-driven structure.,83.8,Books
Jacket,Warm jacket for cold weather Cross-platform asymmetric alliance.,350.12,Clothing
Board Game,Fun board game for family and friends Organic solution-oriented knowledge user.,488.82,Toys
Bluetooth Speaker,Wireless speaker with great quality Team-oriented contextually-based hierarchy.,251.68,Gadgets
RC Car,Remote-controlled car with high speed Managed even-keeled process improvement.,460.53,Toys
Puzzle,Challenging puzzle to solve Enhanced radical paradigm.,355.98,Toys
Building Blocks,Creative building blocks for kids Vision-oriented uniform archive.,348.41,Toys
Laptop,Portable computer for all your needs Business-focused stable encoding.,237.63,Electronics
Doll,Beautiful doll with accessories Right-sized composite Internet solution.,127.68,Toys
Headphones,Headphones with noise cancellation Cross-group transitional ability.,147.18,Electronics
Biography,Inspirational biography of a famous person User-friendly interactive attitude.,204.98,Books
Smartphone,A high-tech gadget with reliability Versatile client-server function.,355.91,Electronics
Hat,Cool hat for sunny days Object-based human-resource hardware.,38.18,Clothing
Puzzle,Challenging puzzle to solve Assimilated scalable pricing structure.,200.38,Toys
Board Game,Fun board game for family and friends Streamlined fresh-thinking algorithm.,178.33,Toys
Mystery Novel,A gripping mystery novel Right-sized modular analyzer.,453.2,Books
Sneakers,Trendy sneakers with good grip Ameliorated user-facing solution.,414.6,Clothing
Camera,Digital camera with high resolution Grass-roots holistic process improvement.,196.78,Electronics
Microwave,Compact microwave for quick meals Robust discrete extranet.,96.28,Home
Smartwatch,Smartwatch with fitness tracking Down-sized zero tolerance system engine.,176.58,Electronics
Vacuum Cleaner,Efficient cleaning for your home Realigned object-oriented functionalities.,314.87,Home
Board Game,Fun board game for family and friends Programmable heuristic matrix.,360.7,Toys
Drone,Quadcopter with HD camera Cloned multi-tasking knowledgebase.,305.92,Gadgets
Jeans,Stylish denim jeans Intuitive methodical neural-net.,233.81,Clothing
Biography,Inspirational biography of a famous person Synergistic encompassing workforce.,227.0,Books
Bluetooth Speaker,Wireless speaker with great quality Exclusive empowering project.,304.82,Gadgets
Vacuum Cleaner,Efficient cleaning for your home Networked disintermediate leverage.,103.32,Home
Fantasy Novel,An epic fantasy adventure Polarized exuding capacity.,170.71,Books
Jacket,Warm jacket for cold weather Operative transitional time-frame.,490.26,Clothing
Smart Home Hub,Central hub for all your smart devices Compatible asymmetric instruction set.,14.17,Gadgets
Building Blocks,Creative building blocks for kids Inverse 6thgeneration benchmark.,97.89,Toys
Refrigerator,Large capacity fridge with freezer Adaptive user-facing database.,196.78,Home
Fantasy Novel,An epic fantasy adventure Horizontal context-sensitive leverage.,231.42,Books
Science Fiction,Futuristic science fiction story Extended local collaboration.,357.16,Books
Building Blocks,Creative building blocks for kids Total responsive core.,471.19,Toys
Vacuum Cleaner,Efficient cleaning for your home Robust non-volatile pricing structure.,358.63,Home
Board Game,Fun board game for family and friends Function-based bandwidth-monitored policy.,150.09,Toys
Microwave,Compact microwave for quick meals Organized tertiary productivity.,320.55,Home
Jacket,Warm jacket for cold weather Extended zero tolerance support.,337.79,Clothing
RC Car,Remote-controlled car with high speed Inverse content-based support.,308.72,Toys
Bluetooth Speaker,Wireless speaker with great quality Proactive bottom-line focus group.,454.49,Gadgets
Headphones,Headphones with noise cancellation Open-architected analyzing throughput.,235.51,Electronics
